,year,player_name,position,age,transfermarkt_val,team_left,league_left,joined_team,joined_league,fee,url
0,2002,Rio Ferdinand,Centre-Back,41,-,Leeds,Premier League,Man Utd,Premier League,£41.40m,https://www.transfermarkt.co.uk/rio-ferdinand/profil/spieler/3235
1,2002,Ronaldo,Centre-Forward,44,-,Inter,Serie A,Real Madrid,LaLiga,£40.50m,https://www.transfermarkt.co.uk/ronaldo/profil/spieler/3140
2,2002,Hernán Crespo,Centre-Forward,45,-,Lazio,Serie A,Inter,Serie A,£32.40m,https://www.transfermarkt.co.uk/hernan-crespo/profil/spieler/3410
3,2002,Fabio Cannavaro,Centre-Back,47,-,AC Parma,Serie A,Inter,Serie A,£20.70m,https://www.transfermarkt.co.uk/fabio-cannavaro/profil/spieler/5775
4,2002,Francesco Coco,Left-Back,43,-,Milan,Serie A,Inter,Serie A,£20.25m,https://www.transfermarkt.co.uk/francesco-coco/profil/spieler/3508
5,2002,Clarence Seedorf,Central Midfield,44,-,Inter,Serie A,Milan,Serie A,£20.25m,https://www.transfermarkt.co.uk/clarence-seedorf/profil/spieler/4168
6,2002,Matías Almeyda,Defensive Midfield,46,-,AC Parma,Serie A,Inter,Serie A,£19.89m,https://www.transfermarkt.co.uk/matias-almeyda/profil/spieler/5792
7,2002,Marco Di Vaio,Centre-Forward,44,-,AC Parma,Serie A,Juventus,Serie A,£18.90m,https://www.transfermarkt.co.uk/marco-di-vaio/profil/spieler/4170
8,2002,Manuele Blasi,Central Midfield,40,-,Perugia,Serie A,Juventus,Serie A,£15.93m,https://www.transfermarkt.co.uk/manuele-blasi/profil/spieler/6090
9,2002,Albert Luque,Left Winger,42,-,RCD Mallorca,LaLiga,Dep. La Coruña,LaLiga,£13.50m,https://www.transfermarkt.co.uk/albert-luque/profil/spieler/7506
10,2002,Nicolas Anelka,Centre-Forward,41,-,Paris SG,Ligue 1,Man City,Premier League,£13.50m,https://www.transfermarkt.co.uk/nicolas-anelka/profil/spieler/3226
11,2002,El-Hadji Diouf,Centre-Forward,39,-,Lens,Ligue 1,Liverpool,Premier League,£13.50m,https://www.transfermarkt.co.uk/el-hadji-diouf/profil/spieler/3604
12,2002,Adriano,Centre-Forward,38,-,Inter,Serie A,AC Parma,Serie A,£13.05m,https://www.transfermarkt.co.uk/adriano/profil/spieler/5876
13,2002,Jonathan Woodgate,Centre-Back,40,-,Leeds,Premier League,Newcastle,Premier League,£12.15m,https://www.transfermarkt.co.uk/jonathan-woodgate/profil/spieler/3224
14,2002,Javi Moreno,Centre-Forward,46,-,Milan,Serie A,Atlético Madrid,LaLiga,£11.70m,https://www.transfermarkt.co.uk/javi-moreno/profil/spieler/7768
15,2002,Jorge Andrade,Centre-Back,42,-,FC Porto,Liga NOS,Dep. La Coruña,LaLiga,£11.70m,https://www.transfermarkt.co.uk/jorge-andrade/profil/spieler/7491
16,2002,Hugo Viana,Central Midfield,37,-,Sporting CP,Liga NOS,Newcastle,Premier League,£11.48m,https://www.transfermarkt.co.uk/hugo-viana/profil/spieler/3480
17,2002,Massimo Maccarone,Centre-Forward,41,-,FC Empoli,Serie A,Middlesbrough,Premier League,£11.14m,https://www.transfermarkt.co.uk/massimo-maccarone/profil/spieler/3713
18,2002,Bernardo Corradi,Centre-Forward,44,-,Inter,Serie A,Lazio,Serie A,£10.80m,https://www.transfermarkt.co.uk/bernardo-corradi/profil/spieler/5851
19,2002,Alberto Gilardino,Centre-Forward,38,-,Hellas Verona,Serie B,AC Parma,Serie A,£10.80m,https://www.transfermarkt.co.uk/alberto-gilardino/profil/spieler/5878
20,2002,Martin Laursen,Centre-Back,43,-,AC Parma,Serie A,Milan,Serie A,£9.90m,https://www.transfermarkt.co.uk/fc-parma/startseite/verein/130/saison_id/2002
21,2002,Roberto Acuña,Central Midfield,48,-,Real Zaragoza,2ª División,Dep. La Coruña,LaLiga,£9.90m,https://www.transfermarkt.co.uk/real-saragossa/startseite/verein/142/saison_id/2002
22,2002,André Luiz,Attacking Midfield,45,-,CD Tenerife,2ª División,Paris SG,Ligue 1,£9.90m,https://www.transfermarkt.co.uk/cd-teneriffa/startseite/verein/648/saison_id/2002
23,2002,Robbie Keane,Centre-Forward,40,-,Leeds,Premier League,Spurs,Premier League,£9.45m,https://www.transfermarkt.co.uk/leeds-united/startseite/verein/399/saison_id/2002
24,2002,Adrian Mutu,Centre-Forward,41,-,Hellas Verona,Serie B,AC Parma,Serie A,£9.00m,https://www.transfermarkt.co.uk/hellas-verona/startseite/verein/276/saison_id/2002
25,2002,Christian Panucci,Right-Back,47,-,Monaco,Ligue 1,AS Roma,Serie A,£8.83m,https://www.transfermarkt.co.uk/as-monaco/startseite/verein/162/saison_id/2002
26,2002,Robbie Fowler,Centre-Forward,45,-,Leeds,Premier League,Man City,Premier League,£8.82m,https://www.transfermarkt.co.uk/leeds-united/startseite/verein/399/saison_id/2002
27,2002,Zé Roberto,Left Midfield,46,-,Bay. Leverkusen,Bundesliga,Bayern Munich ,Bundesliga,£8.55m,https://www.transfermarkt.co.uk/bayer-04-leverkusen/startseite/verein/15/saison_id/2002
28,2002,Sebastian Deisler,Right Midfield,40,-,Hertha BSC,Bundesliga,Bayern Munich ,Bundesliga,£8.10m,https://www.transfermarkt.co.uk/hertha-bsc/startseite/verein/44/saison_id/2002
29,2002,Jean-Claude Darcheville,Centre-Forward,45,-,FC Lorient,Ligue 2,G. Bordeaux,Ligue 1,£8.10m,https://www.transfermarkt.co.uk/fc-lorient/startseite/verein/1158/saison_id/2002
30,2002,Lee Hughes,Centre-Forward,44,-,Coventry,First Division,West Brom,Premier League,£8.10m,https://www.transfermarkt.co.uk/coventry-city/startseite/verein/990/saison_id/2002
31,2002,Torsten Frings,Defensive Midfield,43,-,Werder Bremen,Bundesliga,Bor. Dortmund,Bundesliga,£7.65m,https://www.transfermarkt.co.uk/sv-werder-bremen/startseite/verein/86/saison_id/2002
32,2002,Mauro Camoranesi,Right Midfield,44,-,Hellas Verona,Serie B,Juventus,Serie A,£7.65m,https://www.transfermarkt.co.uk/hellas-verona/startseite/verein/276/saison_id/2002
33,2002,Salif Diao,Defensive Midfield,43,-,CS Sedan,Ligue 1,Liverpool,Premier League,£6.75m,https://www.transfermarkt.co.uk/fc-liverpool/startseite/verein/31/saison_id/2002
34,2002,Fabrizio Miccoli,Centre-Forward,41,-,Ternana,Serie B,Juventus,Serie A,£6.75m,https://www.transfermarkt.co.uk/serie-a/transfers/wettbewerb/IT1/saison_id/2002
35,2002,Christian Poulsen,Defensive Midfield,40,-,FC Copenhagen,SAS Ligaen,FC Schalke 04,Bundesliga,£6.30m,https://www.transfermarkt.co.uk/1-bundesliga/transfers/wettbewerb/L1/saison_id/2002
36,2002,Mark Bresciano,Central Midfield,40,-,FC Empoli,Serie A,AC Parma,Serie A,£6.30m,https://www.transfermarkt.co.uk/serie-a/transfers/wettbewerb/IT1/saison_id/2002
37,2002,Juninho Paulista,Attacking Midfield,47,-,Atlético Madrid,LaLiga,Middlesbrough,Premier League,£6.21m,https://www.transfermarkt.co.uk/george-boateng/profil/spieler/3358
38,2002,George Boateng,Defensive Midfield,45,-,Aston Villa,Premier League,Middlesbrough,Premier League,£6.21m,https://www.transfermarkt.co.uk/titus-bramble/profil/spieler/3130
39,2002,Titus Bramble,Centre-Back,39,-,Ipswich,First Division,Newcastle,Premier League,£6.12m,https://www.transfermarkt.co.uk/emerson/profil/spieler/8754
40,2002,Émerson,Defensive Midfield,48,-,Dep. La Coruña,LaLiga,Atlético Madrid,LaLiga,£5.85m,https://www.transfermarkt.co.uk/jan-simak/profil/spieler/903
41,2002,Jan Simak,Attacking Midfield,41,-,Hannover 96,Bundesliga,Bay. Leverkusen,Bundesliga,£5.85m,https://www.transfermarkt.co.uk/bruno-cheyrou/profil/spieler/3602
42,2002,Bruno Cheyrou,Central Midfield,42,-,LOSC Lille,Ligue 1,Liverpool,Premier League,£5.85m,https://www.transfermarkt.co.uk/bruno-cheyrou/profil/spieler/3602
43,2002,Clinton Morrison,Centre-Forward,41,-,Crystal Palace,First Division,Birmingham,Premier League,£5.74m,https://www.transfermarkt.co.uk/clinton-morrison/profil/spieler/3145
44,2002,Frank Rost,Goalkeeper,47,-,Werder Bremen,Bundesliga,FC Schalke 04,Bundesliga,£5.63m,https://www.transfermarkt.co.uk/frank-rost/profil/spieler/533
45,2002,Michael Ballack,Central Midfield,44,-,Bay. Leverkusen,Bundesliga,Bayern Munich ,Bundesliga,£5.40m,https://www.transfermarkt.co.uk/bayer-04-leverkusen/startseite/verein/15/saison_id/2002
46,2002,Sylvain Distin,Centre-Back,42,-,Paris SG,Ligue 1,Man City,Premier League,£5.40m,https://www.transfermarkt.co.uk/fc-paris-saint-germain/startseite/verein/583/saison_id/2002
47,2002,Richard Wright,Goalkeeper,42,-,Arsenal,Premier League,Everton,Premier League,£4.95m,https://www.transfermarkt.co.uk/fc-arsenal/startseite/verein/11/saison_id/2002
48,2002,Franco Brienza,Attacking Midfield,41,-,AS Roma,Serie A,US Palermo,Serie B,£4.95m,https://www.transfermarkt.co.uk/as-rom/startseite/verein/12/saison_id/2002
49,2002,Ariza Makukula,Centre-Forward,39,-,UD Salamanca,2ª División,FC Nantes,Ligue 1,£4.95m,https://www.transfermarkt.co.uk/ud-salamanca/startseite/verein/1087/saison_id/2002
50,2002,Michael Ricketts,Centre-Forward,41,-,Bolton,Premier League,Middlesbrough,Premier League,£4.73m,https://www.transfermarkt.co.uk/fc-middlesbrough/startseite/verein/641/saison_id/2002
51,2002,Gary Rowett,Right-Back,46,-,Leicester,First Division,Charlton,Premier League,£4.73m,https://www.transfermarkt.co.uk/charlton-athletic/startseite/verein/358/saison_id/2002
52,2002,Matt Piper,Right Midfield,39,-,Leicester,First Division,Sunderland,Premier League,£4.73m,https://www.transfermarkt.co.uk/afc-sunderland/startseite/verein/289/saison_id/2002
53,2002,Dario Simic,Right-Back,44,-,Inter,Serie A,Milan,Serie A,£4.50m,https://www.transfermarkt.co.uk/ac-mailand/startseite/verein/5/saison_id/2002
54,2002,Petr Cech,Goalkeeper,38,-,Sparta Praha,Gambrinus Liga,Stade Rennais,Ligue 1,£4.50m,https://www.transfermarkt.co.uk/fc-stade-rennes/startseite/verein/273/saison_id/2002
55,2002,Matteo Brighi,Central Midfield,39,-,Juventus,Serie A,AC Parma,Serie A,£4.50m,https://www.transfermarkt.co.uk/fc-parma/startseite/verein/130/saison_id/2002
56,2002,Ji-sung Park,Attacking Midfield,39,-,Kyoto Sanga,J1 - 2nd Stage,PSV Eindhoven,Eredivisie,£4.50m,https://www.transfermarkt.co.uk/psv-eindhoven/startseite/verein/383/saison_id/2002
57,2002,Marcus Stewart,Centre-Forward,47,-,Ipswich,First Division,Sunderland,Premier League,£4.39m,https://www.transfermarkt.co.uk/afc-sunderland/startseite/verein/289/saison_id/2002
58,2002,Stephen Wright,Right-Back,40,-,Liverpool,Premier League,Sunderland,Premier League,£4.32m,https://www.transfermarkt.co.uk/afc-sunderland/startseite/verein/289/saison_id/2002
59,2002,Carlos Paredes,Defensive Midfield,44,-,FC Porto,Liga NOS,Reggina,Serie A,£4.32m,https://www.transfermarkt.co.uk/reggina-calcio/startseite/verein/1386/saison_id/2002
60,2002,Stephen Appiah,Defensive Midfield,39,-,AC Parma,Serie A,Brescia,Serie A,£4.10m,https://www.transfermarkt.co.uk/brescia-calcio/startseite/verein/19/saison_id/2002
61,2002,Nick Barmby,Left Midfield,46,-,Liverpool,Premier League,Leeds,Premier League,£4.05m,https://www.transfermarkt.co.uk/leeds-united/startseite/verein/399/saison_id/2002
62,2002,David Sommeil,Centre-Back,46,-,G. Bordeaux,Ligue 1,Man City,Premier League,£4.05m,https://www.transfermarkt.co.uk/manchester-city/startseite/verein/281/saison_id/2002
63,2002,Nick Barmby,Left Midfield,46,-,Liverpool,Premier League,Leeds,Premier League,£4.05m,https://www.transfermarkt.co.uk/fc-liverpool/startseite/verein/31/saison_id/2002
64,2002,Emiliano Bonazzoli,Centre-Forward,41,-,AC Parma,Serie A,Reggina,Serie A,£4.05m,https://www.transfermarkt.co.uk/fc-parma/startseite/verein/130/saison_id/2002
65,2002,Victor Sikora,Right Winger,42,-,Vitesse,Eredivisie,Ajax,Eredivisie,£3.92m,https://www.transfermarkt.co.uk/vitesse-arnheim/startseite/verein/499/saison_id/2002
66,2002,Arjen Robben,Right Winger,36,-,FC Groningen,Eredivisie,PSV Eindhoven,Eredivisie,£3.87m,https://www.transfermarkt.co.uk/fc-groningen/startseite/verein/202/saison_id/2002
67,2002,Michael Lamey,Right-Back,40,-,RKC Waalwijk,Eredivisie,PSV Eindhoven,Eredivisie,£3.87m,https://www.transfermarkt.co.uk/rkc-waalwijk/startseite/verein/235/saison_id/2002
68,2002,Fabio Bazzani,Centre-Forward,43,-,AC Venezia 1907,Serie B,Sampdoria,Serie B,£3.87m,https://www.transfermarkt.co.uk/fbc-unione-venezia/startseite/verein/607/saison_id/2002
69,2002,Daniel Bierofka,Left Midfield,41,-,1860 Munich,Bundesliga,Bay. Leverkusen,Bundesliga,£3.78m,https://www.transfermarkt.co.uk/tsv-1860-munchen/startseite/verein/72/saison_id/2002
70,2002,Patrice Evra,Left-Back,39,-,OGC Nice,Ligue 1,Monaco,Ligue 1,£3.69m,https://www.transfermarkt.co.uk/ogc-nizza/startseite/verein/417/saison_id/2002
71,2002,Bernardo Corradi,Centre-Forward,44,-,Chievo Verona,Serie A,Inter,Serie A,£3.60m,https://www.transfermarkt.co.uk/inter-mailand/startseite/verein/46/saison_id/2002
72,2002,Chong-gug Song,Right-Back,41,-,Busan I'Cons,K League 1,Feyenoord,Eredivisie,£3.60m,https://www.transfermarkt.co.uk/feyenoord-rotterdam/startseite/verein/234/saison_id/2002
73,2002,Mahamadou Diarra,Defensive Midfield,39,-,Vitesse,Eredivisie,Olympique Lyon,Ligue 1,£3.51m,https://www.transfermarkt.co.uk/olympique-lyon/startseite/verein/1041/saison_id/2002
74,2002,Matteo Sereni,Goalkeeper,45,£3.51m,Ipswich,First Division,Brescia,Serie A,Loan,https://www.transfermarkt.co.uk/brescia-calcio/startseite/verein/19/saison_id/2002
75,2002,Pascal Cygan,Centre-Back,46,-,LOSC Lille,Ligue 1,Arsenal,Premier League,£3.44m,https://www.transfermarkt.co.uk/fc-arsenal/startseite/verein/11/saison_id/2002
76,2002,David Prutton,Central Midfield,39,-,Nottm Forest,First Division,Southampton,Premier League,£3.38m,https://www.transfermarkt.co.uk/fc-southampton/startseite/verein/180/saison_id/2002
77,2002,Mart Poom,Goalkeeper,48,-,Derby,First Division,Sunderland,Premier League,£3.38m,https://www.transfermarkt.co.uk/afc-sunderland/startseite/verein/289/saison_id/2002
78,2002,Franck Queudrue,Left-Back,42,-,Lens,Ligue 1,Middlesbrough,Premier League,£3.38m,https://www.transfermarkt.co.uk/fc-middlesbrough/startseite/verein/641/saison_id/2002
79,2002,Pascal Nouma,Centre-Forward,48,-,Marseille,Ligue 1,Besiktas,Süper Lig,£3.35m,https://www.transfermarkt.co.uk/besiktas-istanbul/startseite/verein/114/saison_id/2002
80,2002,Dwight Yorke,Centre-Forward,48,-,Man Utd,Premier League,Blackburn,Premier League,£3.15m,https://www.transfermarkt.co.uk/blackburn-rovers/startseite/verein/164/saison_id/2002
81,2002,Marek Jankulovski,Left-Back,43,-,SSC Napoli,Serie B,Udinese,Serie A,£3.15m,https://www.transfermarkt.co.uk/udinese-calcio/startseite/verein/410/saison_id/2002
82,2002,Marek Jankulovski,Left-Back,43,-,SSC Napoli,Serie B,Udinese,Serie A,£3.15m,https://www.transfermarkt.co.uk/marek-jankulovski/profil/spieler/3532
83,2002,Stefano Lucchini,Centre-Back,40,£3.15m,Ternana,Serie B,FC Empoli,Serie A,?,https://www.transfermarkt.co.uk/stefano-lucchini/profil/spieler/6012
84,2002,Jason Koumas,Attacking Midfield,41,-,Tranmere Rovers,Second Division (bis 03/04),West Brom,Premier League,£3.11m,https://www.transfermarkt.co.uk/jason-koumas/profil/spieler/3661
85,2002,Jiri Stajner,Second Striker,44,-,Slovan Liberec,Gambrinus Liga,Hannover 96,Bundesliga,£2.79m,https://www.transfermarkt.co.uk/jiri-stajner/profil/spieler/1557
86,2002,Cosmin Contra,Right-Back,44,-,Milan,Serie A,Atlético Madrid,LaLiga,£2.70m,https://www.transfermarkt.co.uk/cosmin-contra/profil/spieler/5808
87,2002,Grigoris Georgatos,Left-Back,47,-,Inter,Serie A,AEK Athens,A' Ethniki,£2.70m,https://www.transfermarkt.co.uk/inter-mailand/startseite/verein/46/saison_id/2002
88,2002,Savo Milosevic,Centre-Forward,47,-,AC Parma,Serie A,Espanyol,LaLiga,Loan fee:,https://www.transfermarkt.co.uk/fc-parma/startseite/verein/130/saison_id/2002
89,2002,Jiri Jarosik,Centre-Back,42,-,Sparta Praha,Gambrinus Liga,CSKA Moscow,Premier Liga,£2.70m,https://www.transfermarkt.co.uk/ac-sparta-prag/startseite/verein/197/saison_id/2002
90,2002,Dmitri Sychev,Centre-Forward,36,-,Spartak Moscow,Premier Liga,Marseille,Ligue 1,£2.70m,https://www.transfermarkt.co.uk/spartak-moskau/startseite/verein/232/saison_id/2002
91,2002,Marcus Allbäck,Centre-Forward,47,-,Heerenveen,Eredivisie,Aston Villa,Premier League,£2.70m,https://www.transfermarkt.co.uk/sc-heerenveen/startseite/verein/306/saison_id/2002
92,2002,Rodrigo Fabri,Attacking Midfield,44,-,Real Madrid,LaLiga,Atlético Madrid,LaLiga,£2.70m,https://www.transfermarkt.co.uk/real-madrid/startseite/verein/418/saison_id/2002
93,2002,Remco van der Schaaf,Centre-Back,41,-,Vitesse,Eredivisie,PSV Eindhoven,Eredivisie,£2.70m,https://www.transfermarkt.co.uk/vitesse-arnheim/startseite/verein/499/saison_id/2002
94,2002,Angelos Charisteas,Centre-Forward,40,-,Aris Saloniki,A' Ethniki,Werder Bremen,Bundesliga,£2.70m,https://www.transfermarkt.co.uk/aris-thessaloniki/startseite/verein/605/saison_id/2002
95,2002,Nuno Espírito Santo,Goalkeeper,46,-,Dep. La Coruña,LaLiga,FC Porto,Liga NOS,£2.70m,https://www.transfermarkt.co.uk/deportivo-la-coruna/startseite/verein/897/saison_id/2002
96,2002,Michael Svensson,Centre-Back,44,-,Troyes,Ligue 1,Southampton,Premier League,£2.70m,https://www.transfermarkt.co.uk/fc-southampton/startseite/verein/180/saison_id/2002
97,2002,Fabio Celestini,Defensive Midfield,44,-,Troyes,Ligue 1,Marseille,Ligue 1,£2.70m,https://www.transfermarkt.co.uk/olympique-marseille/startseite/verein/244/saison_id/2002
98,2002,Richard Dutruel,Goalkeeper,47,-,FC Barcelona,LaLiga,Alavés,LaLiga,£2.61m,https://www.transfermarkt.co.uk/deportivo-alaves/startseite/verein/1108/saison_id/2002
99,2002,Lee Carsley,Defensive Midfield,46,-,Coventry,First Division,Everton,Premier League,£2.57m,https://www.transfermarkt.co.uk/fc-everton/startseite/verein/29/saison_id/2002
100,2002,Ali Lukunku,Centre-Forward,44,-,Standard Liège,Jupiler Pro League,Galatasaray,Süper Lig,£2.52m,https://www.transfermarkt.co.uk/galatasaray-istanbul/startseite/verein/141/saison_id/2002
101,2002,Morten Skoubo,Centre-Forward,40,-,FC Midtjylland,SAS Ligaen,Bor. M'gladbach,Bundesliga,£2.43m,https://www.transfermarkt.co.uk/borussia-monchengladbach/startseite/verein/18/saison_id/2002
102,2002,Luca Ceccarelli,Centre-Back,37,-,Florentia,Serie A,Inter,Serie A,£2.32m,https://www.transfermarkt.co.uk/ac-florenz/startseite/verein/430/saison_id/2002
103,2002,Hervé Nzelo-Lembi,Centre-Back,45,-,Club Brugge,Jupiler Pro League,1.FC K'lautern,Bundesliga,£2.25m,https://www.transfermarkt.co.uk/fc-brugge/startseite/verein/2282/saison_id/2002
104,2002,Manuel Friedrich,Centre-Back,41,-,1.FSV Mainz 05,2. Bundesliga,Werder Bremen,Bundesliga,£2.25m,https://www.transfermarkt.co.uk/2-bundesliga/transfers/wettbewerb/L2/saison_id/2002
105,2002,Federico Giunti,Defensive Midfield,49,-,Brescia,Serie A,Besiktas,Süper Lig,£2.25m,https://www.transfermarkt.co.uk/serie-a/transfers/wettbewerb/IT1/saison_id/2002
106,2002,Carsten Jancker,Centre-Forward,46,-,Bayern Munich ,Bundesliga,Udinese,Serie A,£2.25m,https://www.transfermarkt.co.uk/1-bundesliga/transfers/wettbewerb/L1/saison_id/2002
107,2002,Sean Gregan,Centre-Back,46,-,Preston,First Division,West Brom,Premier League,£2.25m,https://www.transfermarkt.co.uk/first-division-bis-03-04-/transfers/wettbewerb/EFD2/saison_id/2002
108,2002,Mario Frick,Centre-Forward,46,-,Hellas Verona,Serie B,Ternana,Serie B,£2.25m,https://www.transfermarkt.co.uk/ternana-calcio/startseite/verein/1103/saison_id/2002
109,2002,Edgaras Jankauskas,Centre-Forward,45,-,Real Sociedad,LaLiga,FC Porto,Liga NOS,£2.16m,https://www.transfermarkt.co.uk/fc-porto/startseite/verein/720/saison_id/2002
110,2002,Clayton Zane,Centre-Forward,43,-,Lillestrøm SK,Tippeligaen,RSC Anderlecht,Jupiler Pro League,£2.03m,https://www.transfermarkt.co.uk/rsc-anderlecht/startseite/verein/58/saison_id/2002
111,2002,David Thompson,Right Midfield,43,-,Coventry,First Division,Blackburn,Premier League,£2.03m,https://www.transfermarkt.co.uk/blackburn-rovers/startseite/verein/164/saison_id/2002
112,2002,Danny Higginbotham,Centre-Back,41,-,Derby,First Division,Southampton,Premier League,£2.03m,https://www.transfermarkt.co.uk/fc-southampton/startseite/verein/180/saison_id/2002
113,2002,Aliou Cissé,Defensive Midfield,44,-,Paris SG,Ligue 1,Birmingham,Premier League,£2.03m,https://www.transfermarkt.co.uk/birmingham-city/startseite/verein/337/saison_id/2002
114,2002,Stefan Postma,Goalkeeper,44,-,De Graafschap,Eredivisie,Aston Villa,Premier League,£2.00m,https://www.transfermarkt.co.uk/derby-county/startseite/verein/22/saison_id/2002
115,2002,Chris Riggott,Centre-Back,40,-,Derby,First Division,Middlesbrough,Premier League,£2.00m,https://www.transfermarkt.co.uk/real-valladolid/startseite/verein/366/saison_id/2002
116,2002,Ricardo,Goalkeeper,48,-,Real Valladolid,LaLiga,Man Utd,Premier League,£2.00m,https://www.transfermarkt.co.uk/eintracht-frankfurt/startseite/verein/24/saison_id/2002
117,2002,Christoph Preuß,Defensive Midfield,39,-,E. Frankfurt,2. Bundesliga,Bay. Leverkusen,Bundesliga,£1.98m,https://www.transfermarkt.co.uk/helsingborgs-if/startseite/verein/699/saison_id/2002
118,2002,Julio Hernán Rossi,Centre-Forward,43,-,FC Lugano,Auf-/Abstiegsrunde NLA/NLB,FC Basel,Nationalliga A,£1.80m,https://www.transfermarkt.co.uk/julio-hernan-rossi/profil/spieler/2900
119,2002,Boris Smiljanic,Centre-Back,44,-,Grasshoppers,Nationalliga A,FC Basel,Nationalliga A,£1.80m,https://www.transfermarkt.co.uk/boris-smiljanic/profil/spieler/2861
120,2002,Kemal Aslan,Central Midfield,38,-,Gaziantepspor,Süper Lig,Fenerbahce,Süper Lig,£1.80m,https://www.transfermarkt.co.uk/gaziantepspor/startseite/verein/524/saison_id/2002
121,2002,Ümit Davala,Right Midfield,47,-,Milan,Serie A,Inter,Serie A,£1.80m,https://www.transfermarkt.co.uk/ac-mailand/startseite/verein/5/saison_id/2002
122,2002,Mazhar Abdelrahman,Forward,43,-,El Masry,Premier League,Monaco,Ligue 1,£1.80m,https://www.transfermarkt.co.uk/masry-port-said/startseite/verein/9094/saison_id/2002
123,2002,Salomon Olembé,Left Midfield,39,-,FC Nantes,Ligue 1,Marseille,Ligue 1,£1.80m,https://www.transfermarkt.co.uk/fc-nantes/startseite/verein/995/saison_id/2002
124,2002,Andrés Fleurquín,Defensive Midfield,45,-,Sturm Graz,Bundesliga,Stade Rennais,Ligue 1,£1.80m,https://www.transfermarkt.co.uk/sk-sturm-graz/startseite/verein/122/saison_id/2002
125,2002,Danny,Attacking Midfield,37,-,Marítimo,Liga NOS,Sporting CP,Liga NOS,£1.80m,https://www.transfermarkt.co.uk/cs-maritimo/startseite/verein/1301/saison_id/2002
126,2002,Paulo Ferreira,Right-Back,41,-,Vitória Setúbal,Liga NOS,FC Porto,Liga NOS,£1.80m,https://www.transfermarkt.co.uk/primeira-liga/transfers/wettbewerb/PO1/saison_id/2002
127,2002,Olivier Thomert,Left Midfield,40,-,Le Mans UC 72,Ligue 2,Lens,Ligue 1,£1.80m,https://www.transfermarkt.co.uk/ligue-2/transfers/wettbewerb/FR2/saison_id/2002
128,2002,Matthew Clarke,Goalkeeper,46,-,Bradford,First Division,Crystal Palace,First Division,£1.80m,https://www.transfermarkt.co.uk/first-division-bis-03-04-/transfers/wettbewerb/EFD2/saison_id/2002
129,2002,Shunsuke Nakamura,Attacking Midfield,42,-,Yokohama F. M.,J1 - 2nd Stage,Reggina,Serie A,£1.80m,https://www.transfermarkt.co.uk/reggina-calcio/startseite/verein/1386/saison_id/2002
130,2002,Espen Baardsen,Goalkeeper,42,-,Watford,First Division,Everton,Premier League,£1.69m,https://www.transfermarkt.co.uk/premier-league/transfers/wettbewerb/GB1/saison_id/2002
131,2002,Robbie Savage,Central Midfield,45,-,Leicester,First Division,Birmingham,Premier League,£1.69m,https://www.transfermarkt.co.uk/premier-league/transfers/wettbewerb/GB1/saison_id/2002
132,2002,Jamie Clapham,Left-Back,44,-,Ipswich,First Division,Birmingham,Premier League,£1.67m,https://www.transfermarkt.co.uk/premier-league/transfers/wettbewerb/GB1/saison_id/2002
133,2002,Sigurd Rushfeldt,Centre-Forward,47,-,Racing,LaLiga,Austria Vienna,Bundesliga,£1.62m,https://www.transfermarkt.co.uk/bundesliga/transfers/wettbewerb/A1/saison_id/2002
134,2002,Arne Friedrich,Centre-Back,41,-,Arm. Bielefeld,Bundesliga,Hertha BSC,Bundesliga,£1.62m,https://www.transfermarkt.co.uk/1-bundesliga/transfers/wettbewerb/L1/saison_id/2002
135,2002,Christian,Centre-Forward,45,-,G. Bordeaux,Ligue 1,Galatasaray,Süper Lig,£1.62m,https://www.transfermarkt.co.uk/super-lig/transfers/wettbewerb/TR1/saison_id/2002
136,2002,Winston Parks,Centre-Forward,38,-,Udinese,Serie A,Loko Moscow,Premier Liga,£1.62m,https://www.transfermarkt.co.uk/premier-liga/transfers/wettbewerb/RU1/saison_id/2002
137,2002,Salvatore Aronica,Centre-Back,42,£1.62m,FC Crotone,Serie C1 - B,Ascoli,Serie B,Loan,https://www.transfermarkt.co.uk/salvatore-aronica/profil/spieler/19182
138,2002,Hüseyin Cimsir,Defensive Midfield,41,-,Antalyaspor,1.Lig,Trabzonspor,Süper Lig,£1.53m,https://www.transfermarkt.co.uk/huseyin-cimsir/profil/spieler/6897
139,2002,Samuele Dalla Bona,Central Midfield,39,£630Th.,Chelsea,Premier League,Milan,Serie A,£1.44m,https://www.transfermarkt.co.uk/fc-chelsea/startseite/verein/631/saison_id/2002
140,2002,Young-pyo Lee,Left-Back,43,-,Anyang LG Cheeta,K League 1,PSV Eindhoven,Eredivisie,£1.40m,https://www.transfermarkt.co.uk/fc-seoul/startseite/verein/6500/saison_id/2002
141,2002,Cyril Domoraud,Centre-Back,49,-,Milan,Serie A,Espanyol,LaLiga,£1.35m,https://www.transfermarkt.co.uk/ac-mailand/startseite/verein/5/saison_id/2002
142,2002,Riadh Bouazizi,Defensive Midfield,47,-,Bursaspor,Süper Lig,Gaziantepspor,Süper Lig,£1.35m,https://www.transfermarkt.co.uk/bursaspor/startseite/verein/20/saison_id/2002
143,2002,Abel Xavier,Right-Back,47,-,Liverpool,Premier League,Galatasaray,Süper Lig,Loan fee:,https://www.transfermarkt.co.uk/fc-liverpool/startseite/verein/31/saison_id/2002
144,2002,Clemens Fritz,Central Midfield,39,-,Karlsruher SC,2. Bundesliga,Bay. Leverkusen,Bundesliga,£1.35m,https://www.transfermarkt.co.uk/karlsruher-sc/startseite/verein/48/saison_id/2002
145,2002,Alex Frei,Centre-Forward,41,-,Servette FC,Nationalliga A,Stade Rennais,Ligue 1,£1.35m,https://www.transfermarkt.co.uk/servette-fc/startseite/verein/61/saison_id/2002
146,2002,Joseph Yobo,Centre-Back,40,-,Marseille,Ligue 1,Everton,Premier League,Loan fee:,https://www.transfermarkt.co.uk/olympique-marseille/startseite/verein/244/saison_id/2002
147,2002,Massimo Oddo,Right-Back,44,-,Hellas Verona,Serie B,Lazio,Serie A,£1.35m,https://www.transfermarkt.co.uk/hellas-verona/startseite/verein/276/saison_id/2002
148,2002,Marco Caneira,Centre-Back,41,-,Benfica,Liga NOS,G. Bordeaux,Ligue 1,£1.35m,https://www.transfermarkt.co.uk/benfica-lissabon/startseite/verein/294/saison_id/2002
149,2002,Andy Todd,Centre-Back,46,-,Charlton,Premier League,Blackburn,Premier League,£1.35m,https://www.transfermarkt.co.uk/charlton-athletic/startseite/verein/358/saison_id/2002
150,2002,Gaizka Mendieta,Right Midfield,46,-,Lazio,Serie A,FC Barcelona,LaLiga,Loan fee:,https://www.transfermarkt.co.uk/lazio-rom/startseite/verein/398/saison_id/2002
151,2002,Cyril Jeunechamp,Defensive Midfield,44,-,SC Bastia,Ligue 1,Stade Rennais,Ligue 1,£1.35m,https://www.transfermarkt.co.uk/sc-bastia/startseite/verein/595/saison_id/2002
152,2002,Darren Ambrose,Left Midfield,36,-,Ipswich,First Division,Newcastle,Premier League,£1.35m,https://www.transfermarkt.co.uk/ipswich-town/startseite/verein/677/saison_id/2002
153,2002,Adrian Ilie,Centre-Forward,46,-,Valencia,LaLiga,Alavés,LaLiga,£1.35m,https://www.transfermarkt.co.uk/fc-valencia/startseite/verein/1049/saison_id/2002
154,2002,Vladislav Radimov,Central Midfield,44,-,KS Samara,Premier Liga,Zenit S-Pb,Premier Liga,£1.35m,https://www.transfermarkt.co.uk/premier-liga/transfers/wettbewerb/RU1/saison_id/2002
155,2002,Mikhail Ashvetia,Centre-Forward,42,-,Spartak V-kavkaz,Premier Liga,Loko Moscow,Premier Liga,£1.35m,https://www.transfermarkt.co.uk/premier-liga/transfers/wettbewerb/RU1/saison_id/2002
156,2002,Matthew Upson,Centre-Back,41,-,Arsenal,Premier League,Birmingham,Premier League,£1.26m,https://www.transfermarkt.co.uk/premier-league/transfers/wettbewerb/GB1/saison_id/2002
157,2002,Blaise Nkufo,Centre-Forward,45,-,1.FSV Mainz 05,2. Bundesliga,Hannover 96,Bundesliga,£1.26m,https://www.transfermarkt.co.uk/blaise-nkufo/profil/spieler/1076
158,2002,Matthew Upson,Centre-Back,41,-,Arsenal,Premier League,Birmingham,Premier League,£1.26m,https://www.transfermarkt.co.uk/fc-arsenal/startseite/verein/11/saison_id/2002
159,2002,Kevin Vandenbergh,Centre-Forward,37,-,KVC Westerlo,Jupiler Pro League,KRC Genk,Jupiler Pro League,£1.26m,https://www.transfermarkt.co.uk/kvc-westerlo/startseite/verein/968/saison_id/2002
160,2002,Stephen Clemence,Right Midfield,42,-,Spurs,Premier League,Birmingham,Premier League,£1.22m,https://www.transfermarkt.co.uk/tottenham-hotspur/startseite/verein/148/saison_id/2002
161,2002,Alexander Manninger,Goalkeeper,43,-,Arsenal,Premier League,Espanyol,LaLiga,£1.19m,https://www.transfermarkt.co.uk/fc-arsenal/startseite/verein/11/saison_id/2002
162,2002,Hannu Tihinen,Centre-Back,44,-,Viking FK,Tippeligaen,RSC Anderlecht,Jupiler Pro League,£1.17m,https://www.transfermarkt.co.uk/viking-stavanger/startseite/verein/239/saison_id/2002
163,2002,Jiayi Shao,Left Midfield,40,-,BJ Guoan,Jia A,1860 Munich,Bundesliga,£1.17m,https://www.transfermarkt.co.uk/beijing-guoan/startseite/verein/3176/saison_id/2002
164,2002,Chengying Wu,Left-Back,45,-,SH Shenhua,Jia A,SH COSCO Sanlin,Jia A,£1.17m,https://www.transfermarkt.co.uk/shanghai-greenland/startseite/verein/3183/saison_id/2002
165,2002,Aleksandar Mitreski,Centre-Back,40,-,BSC Young Boys,Nationalliga A,Grasshoppers,Nationalliga A,£1.13m,https://www.transfermarkt.co.uk/bsc-young-boys/startseite/verein/452/saison_id/2002
166,2002,Marco Ferreira,Forward,42,-,Vitória Setúbal,Liga NOS,FC Porto,Liga NOS,£1.10m,https://www.transfermarkt.co.uk/vitoria-setubal-fc/startseite/verein/1085/saison_id/2002
167,2002,Radoslaw Kaluzny,Defensive Midfield,46,-,Energie Cottbus,Bundesliga,Bay. Leverkusen,Bundesliga,£1.08m,https://www.transfermarkt.co.uk/fc-energie-cottbus/startseite/verein/25/saison_id/2002
168,2002,Edvin Murati,Left Midfield,44,-,LOSC Lille,Ligue 1,Iraklis,A' Ethniki,£1.08m,https://www.transfermarkt.co.uk/osc-lille/startseite/verein/1082/saison_id/2002
169,2002,Michal Zewlakow,Centre-Back,44,-,Exc. Mouscron,Jupiler Pro League,RSC Anderlecht,Jupiler Pro League,£1.08m,https://www.transfermarkt.co.uk/excelsior-mouscron/startseite/verein/1433/saison_id/2002
170,2002,Zafer Demiray,Right Midfield,43,-,Trabzonspor,Süper Lig,Besiktas,Süper Lig,£1.08m,https://www.transfermarkt.co.uk/trabzonspor/startseite/verein/449/saison_id/2002
171,2002,Hakan Ünsal,Left-Back,47,-,Blackburn,Premier League,Galatasaray,Süper Lig,£1.08m,https://www.transfermarkt.co.uk/blackburn-rovers/startseite/verein/164/saison_id/2002
172,2002,Hermann Hreidarsson,Centre-Back,46,-,Ipswich,First Division,Charlton,Premier League,£1.08m,https://www.transfermarkt.co.uk/ipswich-town/startseite/verein/677/saison_id/2002
173,2002,Mark Kinsella,Defensive Midfield,48,-,Charlton,Premier League,Aston Villa,Premier League,£1.04m,https://www.transfermarkt.co.uk/premier-league/transfers/wettbewerb/GB1/saison_id/2002
174,2002,Andy Johnson,Centre-Forward,39,-,Birmingham,Premier League,Crystal Palace,First Division,£1.04m,https://www.transfermarkt.co.uk/premier-league/transfers/wettbewerb/GB1/saison_id/2002
175,2002,Heriberto Morales,Centre-Back,45,-,Monarcas Morelia,Primera Clausura,Chivas,Primera Clausura,£1.04m,https://www.transfermarkt.co.uk/liga-mx-clausura/transfers/wettbewerb/MEX1/saison_id/2002
176,2002,François Grenet,Right-Back,45,-,Derby,First Division,Stade Rennais,Ligue 1,£1.00m,https://www.transfermarkt.co.uk/first-division-bis-03-04-/transfers/wettbewerb/EFD2/saison_id/2002
177,2002,Seyfo Soley,Defensive Midfield,39,-,KSC Lokeren,Jupiler Pro League,KRC Genk,Jupiler Pro League,£990Th.,https://www.transfermarkt.co.uk/jupiler-pro-league/transfers/wettbewerb/BE1/saison_id/2002
178,2002,Lee Marshall,Central Midfield,41,-,Leicester,First Division,West Brom,Premier League,£945Th.,https://www.transfermarkt.co.uk/lee-marshall/profil/spieler/3671
179,2002,Christian Timm,Right Winger,41,-,1. FC Köln,2. Bundesliga,1.FC K'lautern,Bundesliga,£900Th.,https://www.transfermarkt.co.uk/christian-timm/profil/spieler/51
180,2002,Pablo Thiam,Defensive Midfield,46,-,Bayern Munich ,Bundesliga,VfL Wolfsburg,Bundesliga,£900Th.,https://www.transfermarkt.co.uk/pablo-thiam/profil/spieler/612
181,2002,Kanga Akalé,Left Winger,39,-,FC Zürich,Nationalliga A,AJ Auxerre,Ligue 1,£900Th.,https://www.transfermarkt.co.uk/fc-zurich/startseite/verein/260/saison_id/2002
182,2002,Thomas Thorninger,Centre-Forward,47,-,FC Copenhagen,SAS Ligaen,Udinese,Serie A,£900Th.,https://www.transfermarkt.co.uk/fc-kopenhagen/startseite/verein/190/saison_id/2002
183,2002,Filipe Teixeira,Right Winger,40,-,FC Istres ,Ligue 2,Paris SG,Ligue 1,£900Th.,https://www.transfermarkt.co.uk/ligue-2/transfers/wettbewerb/FR2/saison_id/2002
184,2002,César Peixoto,Left Midfield,40,-,Belenenses SAD,Liga NOS,FC Porto,Liga NOS,£900Th.,https://www.transfermarkt.co.uk/primeira-liga/transfers/wettbewerb/PO1/saison_id/2002
185,2002,Ümit Bozkurt,Sweeper,44,-,Besiktas,Süper Lig,Genclerbirligi,Süper Lig,£900Th.,https://www.transfermarkt.co.uk/super-lig/transfers/wettbewerb/TR1/saison_id/2002
186,2002,Philippe Brunel,Left Midfield,47,-,Marseille,Ligue 1,LOSC Lille,Ligue 1,£900Th.,https://www.transfermarkt.co.uk/ligue-1/transfers/wettbewerb/FR1/saison_id/2002
187,2002,Éder Gaúcho,Centre-Back,43,-,Leiria,Liga NOS,Boavista,Liga NOS,£900Th.,https://www.transfermarkt.co.uk/moubarak-boussoufa/profil/spieler/23996
188,2002,Alfonso,Centre-Forward,48,£900Th.,FC Barcelona,LaLiga,Real Betis,LaLiga,Loan,https://www.transfermarkt.co.uk/uc-sampdoria/startseite/verein/1038/saison_id/2002
189,2002,Davide Possanzini,Centre-Forward,44,£900Th.,Sampdoria,Serie B,Catania,Serie B,?,https://www.transfermarkt.co.uk/sakaryaspor/startseite/verein/2463/saison_id/2002
190,2002,Yasin Celik,Right-Back,45,£900Th.,Sakaryaspor,1.Lig,Konyaspor,1.Lig,Free transfer,https://www.transfermarkt.co.uk/dongbuk-high-school-fc/startseite/verein/71582/saison_id/2002
191,2002,Mikkel Bischoff,Centre-Back,38,-,Akademisk BK,SAS Ligaen,Man City,Premier League,£855Th.,https://www.transfermarkt.co.uk/espanyol-barcelona/startseite/verein/714/saison_id/2002
192,2002,Martijn Meerdink,Right Winger,44,-,De Graafschap,Eredivisie,AZ Alkmaar,Eredivisie,£855Th.,https://www.transfermarkt.co.uk/shanghai-greenland/startseite/verein/3183/saison_id/2002
193,2002,Marco Storari,Goalkeeper,43,-,Ancona,Serie B,SSC Napoli,Serie B,£855Th.,https://www.transfermarkt.co.uk/marco-storari/profil/spieler/19136
194,2002,Sebastián Cejas,Goalkeeper,45,-,Siena,Serie B,Ascoli,Serie B,£810Th.,https://www.transfermarkt.co.uk/sebastian-cejas/profil/spieler/21146
195,2002,Chris Barker,Left-Back,†39,-,Barnsley FC,Second Division (bis 03/04),Cardiff,Second Division (bis 03/04),£810Th.,https://www.transfermarkt.co.uk/chris-barker/profil/spieler/12683
196,2002,Georgios Kyriazis,Centre-Back,40,-,Iraklis,A' Ethniki,Catania,Serie B,£810Th.,https://www.transfermarkt.co.uk/iraklis-thessaloniki/startseite/verein/47/saison_id/2002
197,2002,Maurizio Ciaramitaro,Central Midfield,38,£810Th.,US Palermo,Serie B,AS Livorno,Serie B,Loan,https://www.transfermarkt.co.uk/serie-b/transfers/wettbewerb/IT2/saison_id/2002
198,2002,Remo Meyer,Centre-Back,39,-,Lausanne-Sport,Nationalliga B,1860 Munich,Bundesliga,£743Th.,https://www.transfermarkt.co.uk/tsv-1860-munchen/startseite/verein/72/saison_id/2002
199,2002,Vladimir Beschastnykh,Centre-Forward,46,-,Spartak Moscow,Premier Liga,Fenerbahce,Süper Lig,£720Th.,https://www.transfermarkt.co.uk/super-lig/transfers/wettbewerb/TR1/saison_id/2002
200,2002,Ismail Güldüren,Centre-Back,41,-,Genclerbirligi,Süper Lig,Fenerbahce,Süper Lig,£720Th.,https://www.transfermarkt.co.uk/super-lig/transfers/wettbewerb/TR1/saison_id/2002
201,2002,Kim Madsen,Centre-Back,42,-,FC Copenhagen,SAS Ligaen,VfL Wolfsburg,Bundesliga,£720Th.,https://www.transfermarkt.co.uk/1-bundesliga/transfers/wettbewerb/L1/saison_id/2002
202,2002,Ricardo Fuller,Centre-Forward,40,-,Crystal Palace,First Division,Preston,First Division,£720Th.,https://www.transfermarkt.co.uk/first-division-bis-03-04-/transfers/wettbewerb/EFD2/saison_id/2002
203,2002,Fábio Júnior,Centre-Forward,42,-,AS Roma,Serie A,Vit. Guimarães,Liga NOS,£720Th.,https://www.transfermarkt.co.uk/mikhail-ashvetia/profil/spieler/9625
204,2002,Mikhail Ashvetia,Centre-Forward,42,-,FC Copenhagen,SAS Ligaen,Spartak V-kavkaz,Premier Liga,£720Th.,https://www.transfermarkt.co.uk/leandro-machado/profil/spieler/67907
205,2002,Leandro Machado,Centre-Forward,44,-,Dynamo Kyiv,Vyshcha Liga,Querétaro FC,Primera Clausura,£720Th.,https://www.transfermarkt.co.uk/eric-akoto/profil/spieler/2957
206,2002,Éric Akoto,Centre-Back,40,-,Grazer AK,Bundesliga,Austria Vienna,Bundesliga,£675Th.,https://www.transfermarkt.co.uk/oscar-cordoba/profil/spieler/6862
207,2002,Eddie Lewis,Left Midfield,46,-,Fulham,Premier League,Preston,First Division,£675Th.,https://www.transfermarkt.co.uk/fluminense-football-club/startseite/verein/2462/saison_id/2002
208,2002,Jan Polak,Defensive Midfield,39,-,1. FC Brno,Gambrinus Liga,Slovan Liberec,Gambrinus Liga,£675Th.,https://www.transfermarkt.co.uk/inter-mailand/startseite/verein/46/saison_id/2002
209,2002,Jan Polak,Defensive Midfield,39,-,1. FC Brno,Gambrinus Liga,Slovan Liberec,Gambrinus Liga,£675Th.,https://www.transfermarkt.co.uk/fc-zbrojovka-brunn/startseite/verein/5225/saison_id/2002
210,2002,Pavel Mares,Left-Back,44,-,Sparta Praha,Gambrinus Liga,Zenit S-Pb,Premier Liga,£630Th.,https://www.transfermarkt.co.uk/ac-sparta-prag/startseite/verein/197/saison_id/2002
211,2002,Martin Zboncak,Left-Back,45,-,Slovan Liberec,Gambrinus Liga,Sparta Praha,Gambrinus Liga,£630Th.,https://www.transfermarkt.co.uk/fc-slovan-liberec/startseite/verein/697/saison_id/2002
212,2002,Marc-Vivien Foé,Central Midfield,†28,-,Olympique Lyon,Ligue 1,Man City,Premier League,Loan fee:,https://www.transfermarkt.co.uk/olympique-lyon/startseite/verein/1041/saison_id/2002
213,2002,Ifeanyi Udeze,Left-Back,40,-,PAOK Salonika,A' Ethniki,West Brom,Premier League,£630Th.,https://www.transfermarkt.co.uk/paok-thessaloniki/startseite/verein/1091/saison_id/2002
214,2002,Servet Cetin,Centre-Back,39,-,Göztepe,Süper Lig,Denizlispor,Süper Lig,£630Th.,https://www.transfermarkt.co.uk/goztepe-izmir/startseite/verein/1467/saison_id/2002
215,2002,Marco Stella,Midfielder,39,-,Pescara,Serie C1 - B,Piacenza,Serie A,£630Th.,https://www.transfermarkt.co.uk/delfino-pescara-1936/startseite/verein/2921/saison_id/2002
216,2002,Roman Pavlyuchenko,Centre-Forward,38,-,Rotor Volgograd,Premier Liga,Spartak Moscow,Premier Liga,£630Th.,https://www.transfermarkt.co.uk/rotor-volgograd/startseite/verein/3609/saison_id/2002
217,2002,Nourdin Boukhari,Attacking Midfield,40,-,Sparta R.,Eerste Divisie,Ajax,Eredivisie,£612Th.,https://www.transfermarkt.co.uk/ajax-amsterdam/startseite/verein/610/saison_id/2002
218,2002,Pep Guardiola,Defensive Midfield,49,-,AS Roma,Serie A,Brescia,Serie A,£585Th.,https://www.transfermarkt.co.uk/brescia-calcio/startseite/verein/19/saison_id/2002
219,2002,Benjamin Auer,Centre-Forward,39,-,Bor. M'gladbach,Bundesliga,1.FSV Mainz 05,2. Bundesliga,£540Th.,https://www.transfermarkt.co.uk/ben-burgess/profil/spieler/28046
220,2002,Ben Burgess,Centre-Forward,38,-,Blackburn,Premier League,Stockport,Second Division (bis 03/04),£540Th.,https://www.transfermarkt.co.uk/malkhaz-asatiani/profil/spieler/9624
221,2002,Malkhaz Asatiani,Centre-Back,39,-,Torpedo Kutaisi,Erovnuli Liga (bis 2016/17),Loko Moscow,Premier Liga,£540Th.,https://www.transfermarkt.co.uk/marcos-senna/profil/spieler/7840
222,2002,Vincent Péricard,Centre-Forward,38,-,Juventus,Serie A,Portsmouth,First Division,£540Th.,https://www.transfermarkt.co.uk/fc-portsmouth/startseite/verein/1020/saison_id/2002
223,2002,Shaun Derry,Defensive Midfield,42,-,Portsmouth,First Division,Crystal Palace,First Division,£540Th.,https://www.transfermarkt.co.uk/luton-town/startseite/verein/1031/saison_id/2002
224,2002,Matthew Taylor,Left Midfield,38,-,Luton,Second Division (bis 03/04),Portsmouth,First Division,£540Th.,https://www.transfermarkt.co.uk/fc-brentford/startseite/verein/1148/saison_id/2002
225,2002,Darren Powell,Centre-Back,44,-,Brentford,Second Division (bis 03/04),Crystal Palace,First Division,£540Th.,https://www.transfermarkt.co.uk/arsenal-kiew/startseite/verein/9007/saison_id/2002
226,2002,Nuno Valente,Left-Back,46,-,Leiria,Liga NOS,FC Porto,Liga NOS,£495Th.,https://www.transfermarkt.co.uk/uniao-leiria/startseite/verein/2639/saison_id/2002
227,2002,Tom Williams,Left-Back,40,-,Peterborough,Second Division (bis 03/04),Birmingham,Premier League,£473Th.,https://www.transfermarkt.co.uk/peterborough-united/startseite/verein/1072/saison_id/2002
228,2002,Mikael Forssell,Centre-Forward,39,-,Chelsea,Premier League,Bor. M'gladbach,Bundesliga,Loan fee:,https://www.transfermarkt.co.uk/fc-chelsea/startseite/verein/631/saison_id/2002
229,2002,Joris Van Hout,Centre-Back,43,-,RSC Anderlecht,Jupiler Pro League,Bor. M'gladbach,Bundesliga,£450Th.,https://www.transfermarkt.co.uk/rsc-anderlecht/startseite/verein/58/saison_id/2002
230,2002,Tuncay Sanli,Left Winger,38,-,Sakaryaspor,1.Lig,Fenerbahce,Süper Lig,£450Th.,https://www.transfermarkt.co.uk/sakaryaspor/startseite/verein/2463/saison_id/2002
231,2002,Fredi Bobic,Centre-Forward,48,-,Bor. Dortmund,Bundesliga,Hannover 96,Bundesliga,£450Th.,https://www.transfermarkt.co.uk/borussia-dortmund/startseite/verein/16/saison_id/2002
232,2002,Bartosz Karwan,Right Midfield,44,-,Legia Warszawa,I Liga,Hertha BSC,Bundesliga,£450Th.,https://www.transfermarkt.co.uk/legia-warschau/startseite/verein/255/saison_id/2002
233,2002,Daniel Zitka,Goalkeeper,45,-,KSC Lokeren,Jupiler Pro League,RSC Anderlecht,Jupiler Pro League,£450Th.,https://www.transfermarkt.co.uk/ksc-lokeren/startseite/verein/498/saison_id/2002
234,2002,Ümit Davala,Right Midfield,47,-,Inter,Serie A,Galatasaray,Süper Lig,Loan fee:,https://www.transfermarkt.co.uk/serie-a/transfers/wettbewerb/IT1/saison_id/2002
235,2002,Serkan Aykut,Centre-Forward,45,-,Galatasaray,Süper Lig,Samsunspor,Süper Lig,£450Th.,https://www.transfermarkt.co.uk/super-lig/transfers/wettbewerb/TR1/saison_id/2002
236,2002,Faruk Atalay,Attacking Midfield,39,-,Galatasaray,Süper Lig,FC Kärnten,Bundesliga,£450Th.,https://www.transfermarkt.co.uk/super-lig/transfers/wettbewerb/TR1/saison_id/2002
237,2002,Urmas Rooba,Left-Back,42,-,FC Midtjylland,SAS Ligaen,FC Copenhagen,SAS Ligaen,£450Th.,https://www.transfermarkt.co.uk/fc-kopenhagen/startseite/verein/190/saison_id/2002
238,2002,Glen Salmon,Centre-Forward,42,-,NAC Breda,Eredivisie,FC Groningen,Eredivisie,£450Th.,https://www.transfermarkt.co.uk/fc-groningen/startseite/verein/202/saison_id/2002
239,2002,Fatih Tekke,Centre-Forward,43,-,Gaziantepspor,Süper Lig,Trabzonspor,Süper Lig,£450Th.,https://www.transfermarkt.co.uk/fc-sao-paulo/startseite/verein/585/saison_id/2002
240,2002,Daniel Zitka,Goalkeeper,45,-,KSC Lokeren,Jupiler Pro League,RSC Anderlecht,Jupiler Pro League,£450Th.,https://www.transfermarkt.co.uk/ksc-lokeren/startseite/verein/498/saison_id/2002
241,2002,Michel Kreek,Left-Back,49,-,Vitesse,Eredivisie,AEK Athens,A' Ethniki,£450Th.,https://www.transfermarkt.co.uk/vitesse-arnheim/startseite/verein/499/saison_id/2002
242,2002,Fatih Tekke,Centre-Forward,43,-,Gaziantepspor,Süper Lig,Trabzonspor,Süper Lig,£450Th.,https://www.transfermarkt.co.uk/gaziantepspor/startseite/verein/524/saison_id/2002
243,2002,Mikael Forssell,Centre-Forward,39,-,Chelsea,Premier League,Bor. M'gladbach,Bundesliga,Loan fee:,https://www.transfermarkt.co.uk/fc-chelsea/startseite/verein/631/saison_id/2002
244,2002,Urmas Rooba,Left-Back,42,-,FC Midtjylland,SAS Ligaen,FC Copenhagen,SAS Ligaen,£450Th.,https://www.transfermarkt.co.uk/superligaen/transfers/wettbewerb/DK1/saison_id/2002
245,2002,Björn Runström,Centre-Forward,36,-,Bologna,Serie A,Chievo Verona,Serie A,£450Th.,https://www.transfermarkt.co.uk/serie-a/transfers/wettbewerb/IT1/saison_id/2002
246,2002,Luis Oliveira,Centre-Forward,51,-,Como,Serie A,Catania,Serie B,£450Th.,https://www.transfermarkt.co.uk/serie-a/transfers/wettbewerb/IT1/saison_id/2002
247,2002,Yao Li,Left Midfield,42,-,Liaoning FC,Jia A,DL Shide,Jia A,£450Th.,https://www.transfermarkt.co.uk/chinese-super-league/transfers/wettbewerb/CSL/saison_id/2002
248,2002,Milan Lesnjak,Centre-Back,45,-,Club Brugge,Jupiler Pro League,Saturn,Premier Liga,£450Th.,https://www.transfermarkt.co.uk/jupiler-pro-league/transfers/wettbewerb/BE1/saison_id/2002
249,2002,Tuncay Sanli,Left Winger,38,-,Sakaryaspor,1.Lig,Fenerbahce,Süper Lig,£450Th.,https://www.transfermarkt.co.uk/1-lig/transfers/wettbewerb/TR2/saison_id/2002
250,2002,Alan Kusov,Left Midfield,39,-,Spartak V-kavkaz,Premier Liga,CSKA Moscow,Premier Liga,£450Th.,https://www.transfermarkt.co.uk/premier-liga/transfers/wettbewerb/RU1/saison_id/2002
251,2002,Emmanuel Osei Okoduwa,Centre-Forward,36,-,Vorskla,Vyshcha Liga,Arsenal Kyiv,Vyshcha Liga,£450Th.,https://www.transfermarkt.co.uk/premier-liga/transfers/wettbewerb/UKR1/saison_id/2002
252,2002,Adnan Guso,Goalkeeper,44,£450Th.,Spartak Moscow,Premier Liga,FK Sarajevo,Premijer Liga,Free transfer,https://www.transfermarkt.co.uk/auf-abstiegsrunde-nationalliga-a-b/transfers/wettbewerb/CHAA/saison_id/2002
253,2002,Nicolas Beney,Goalkeeper,40,£450Th.,FC Sion,Auf-/Abstiegsrunde NLA/NLB,FC Wil 1900,Nationalliga A,?,https://www.transfermarkt.co.uk/us-lecce/startseite/verein/1005/saison_id/2002
254,2002,Julinho,Attacking Midfield,46,-,Jeonbuk Motors,K League 1,Chunnam Dragons,K League 1,£442Th.,https://www.transfermarkt.co.uk/seongnam-fc/startseite/verein/3610/saison_id/2002
255,2002,Jong-hwan Yoon,Central Midfield,47,-,Cerezo Osaka,J.League Div.2,Seongnam Ilhwa,K League 1,£429Th.,https://www.transfermarkt.co.uk/fc-hansa-rostock/startseite/verein/30/saison_id/2002
256,2002,Dickson Etuhu,Defensive Midfield,38,-,Man City,Premier League,Preston,First Division,£405Th.,https://www.transfermarkt.co.uk/dickson-etuhu/profil/spieler/14011
257,2002,Kamil Contofalsky,Goalkeeper,42,-,Bohemians Praha,Gambrinus Liga,Zenit S-Pb,Premier Liga,£405Th.,https://www.transfermarkt.co.uk/fc-bohemians-prag-1905/startseite/verein/715/saison_id/2002
258,2002,Derlei,Centre-Forward,45,-,Leiria,Liga NOS,FC Porto,Liga NOS,£405Th.,https://www.transfermarkt.co.uk/primeira-liga/transfers/wettbewerb/PO1/saison_id/2002
259,2002,Cristian Bucchi,Centre-Forward,43,£405Th.,Ternana,Serie B,Catania,Serie B,?,https://www.transfermarkt.co.uk/serie-b/transfers/wettbewerb/IT2/saison_id/2002
260,2002,Miroslav Baranek,Attacking Midfield,46,-,1. FC Köln,2. Bundesliga,Sparta Praha,Gambrinus Liga,£360Th.,https://www.transfermarkt.co.uk/gambrinus-liga/transfers/wettbewerb/TS1/saison_id/2002
261,2002,Marcin Mieciel,Centre-Forward,44,-,Legia Warszawa,I Liga,Iraklis,A' Ethniki,£360Th.,https://www.transfermarkt.co.uk/super-league/transfers/wettbewerb/GR1/saison_id/2002
262,2002,Giuseppe Sculli,Left Winger,39,-,Juventus,Serie A,Modena,Serie A,Loan fee:,https://www.transfermarkt.co.uk/serie-a/transfers/wettbewerb/IT1/saison_id/2002
263,2002,Federico Magallanes,Centre-Forward,44,-,AC Venezia 1907,Serie B,Torino,Serie A,£360Th.,https://www.transfermarkt.co.uk/serie-a/transfers/wettbewerb/IT1/saison_id/2002
264,2002,Nikolaos Machlas,Centre-Forward,47,-,Ajax,Eredivisie,Sevilla FC,LaLiga,Loan fee:,https://www.transfermarkt.co.uk/primera-division/transfers/wettbewerb/ES1/saison_id/2002
265,2002,Jimmy Bullard,Central Midfield,41,-,Peterborough,Second Division (bis 03/04),Wigan,Second Division (bis 03/04),£360Th.,https://www.transfermarkt.co.uk/baba-adamu/profil/spieler/34500
266,2002,Baba Adamu,Centre-Forward,40,-,Rostov,Premier Liga,Loko Moscow,Premier Liga,£360Th.,https://www.transfermarkt.co.uk/robert-waltner/profil/spieler/43391
267,2002,Giampiero Buonocore,Central Midfield,37,-,SSC Napoli,Serie B,Carrarese,Serie C1 - A,Loan fee:,https://www.transfermarkt.co.uk/premier-liga/transfers/wettbewerb/RU1/saison_id/2002
268,2002,Deon Burton,Centre-Forward,43,-,Derby,First Division,Portsmouth,First Division,£338Th.,https://www.transfermarkt.co.uk/deon-burton/profil/spieler/3464
269,2002,Kevin McLeod,Left Midfield,40,-,Everton,Premier League,QPR,Second Division (bis 03/04),£338Th.,https://www.transfermarkt.co.uk/kevin-mcleod/profil/spieler/3619
270,2002,Andrejs Rubins,Left Winger,41,-,Crystal Palace,First Division,Shinnik,Premier Liga,£338Th.,https://www.transfermarkt.co.uk/andrejs-rubins/profil/spieler/15400
271,2002,Steve Kabba,Centre-Forward,39,-,Crystal Palace,First Division,Sheff Utd,First Division,£338Th.,https://www.transfermarkt.co.uk/steve-kabba/profil/spieler/13522
272,2002,Ali Boussaboun,Left Winger,41,-,FC Groningen,Eredivisie,NAC Breda,Eredivisie,£315Th.,https://www.transfermarkt.co.uk/ali-boussaboun/profil/spieler/4159
273,2002,Alessandro Tulli,Centre-Forward,38,£315Th.,AS Roma,Serie A,AS Livorno,Serie B,?,https://www.transfermarkt.co.uk/serie-a/transfers/wettbewerb/IT1/saison_id/2002
274,2002,Massimo Demartis,Centre-Back,46,£315Th.,Catania,Serie B,Perugia,Serie A,?,https://www.transfermarkt.co.uk/serie-b/transfers/wettbewerb/IT2/saison_id/2002
275,2002,Peter Madsen,Centre-Forward,42,-,Bröndby IF,SAS Ligaen,VfL Wolfsburg,Bundesliga,Loan fee:,https://www.transfermarkt.co.uk/vfl-wolfsburg/startseite/verein/82/saison_id/2002
276,2002,Clint Hill,Centre-Back,41,-,Tranmere Rovers,Second Division (bis 03/04),Oldham Athletic,Second Division (bis 03/04),£293Th.,https://www.transfermarkt.co.uk/oldham-athletic/startseite/verein/1078/saison_id/2002
277,2002,Vyacheslav Sviderskyi,Centre-Back,41,-,Spartak V-kavkaz,Premier Liga,Dynamo Moscow,Premier Liga,£293Th.,https://www.transfermarkt.co.uk/dinamo-moskau/startseite/verein/121/saison_id/2002
278,2002,Gonzalo García,Second Striker,36,-,SD Compostela,2ª División,Real Madrid B,2ª B - Grupo I,£278Th.,https://www.transfermarkt.co.uk/real-madrid-b-castilla-/startseite/verein/6767/saison_id/2002
279,2002,Bernd Rauw,Centre-Back,40,-,Alem. Aachen,2. Bundesliga,Arm. Bielefeld,Bundesliga,£270Th.,https://www.transfermarkt.co.uk/arminia-bielefeld/startseite/verein/10/saison_id/2002
280,2002,Gerhard Tremmel,Goalkeeper,41,-,Unterhaching,Regionalliga Süd,Hannover 96,Bundesliga,£270Th.,https://www.transfermarkt.co.uk/hannover-96/startseite/verein/42/saison_id/2002
281,2002,Mohamadou Idrissou,Centre-Forward,40,-,SV Wehen,Regionalliga Süd,Hannover 96,Bundesliga,£270Th.,https://www.transfermarkt.co.uk/hannover-96/startseite/verein/42/saison_id/2002
282,2002,Éric Abidal,Left-Back,41,-,Monaco,Ligue 1,LOSC Lille,Ligue 1,£270Th.,https://www.transfermarkt.co.uk/osc-lille/startseite/verein/1082/saison_id/2002
283,2002,Valeri Abramidze,Centre-Back,40,-,Torpedo Kutaisi,Erovnuli Liga (bis 2016/17),Spartak Moscow,Premier Liga,£270Th.,https://www.transfermarkt.co.uk/spartak-moskau/startseite/verein/232/saison_id/2002
284,2002,Chris Killen,Centre-Forward,39,-,Man City,Premier League,Oldham Athletic,Second Division (bis 03/04),£270Th.,https://www.transfermarkt.co.uk/oldham-athletic/startseite/verein/1078/saison_id/2002
285,2002,Lee Bowyer,Central Midfield,43,-,Leeds,Premier League,West Ham,Premier League,£270Th.,https://www.transfermarkt.co.uk/west-ham-united/startseite/verein/379/saison_id/2002
286,2002,Theofanis Katergiannakis,Goalkeeper,46,-,Aris Saloniki,A' Ethniki,Olympiacos,A' Ethniki,£270Th.,https://www.transfermarkt.co.uk/super-league/transfers/wettbewerb/GR1/saison_id/2002
287,2002,Lukas Hartig,Centre-Forward,43,-,Bohemians Praha,Gambrinus Liga,Zenit S-Pb,Premier Liga,£270Th.,https://www.transfermarkt.co.uk/premier-liga/transfers/wettbewerb/RU1/saison_id/2002
288,2002,Marel Jóhann Baldvinsson,Centre-Forward,39,-,Stabæk Fotball,Tippeligaen,KSC Lokeren,Jupiler Pro League,£270Th.,https://www.transfermarkt.co.uk/jupiler-pro-league/transfers/wettbewerb/BE1/saison_id/2002
289,2002,Marel Jóhann Baldvinsson,Centre-Forward,39,-,Stabæk Fotball,Tippeligaen,KSC Lokeren,Jupiler Pro League,£270Th.,https://www.transfermarkt.co.uk/stabaek-if/startseite/verein/1274/saison_id/2002
290,2002,Theofanis Katergiannakis,Goalkeeper,46,-,Aris Saloniki,A' Ethniki,Olympiacos,A' Ethniki,£270Th.,https://www.transfermarkt.co.uk/aris-thessaloniki/startseite/verein/605/saison_id/2002
291,2002,Lukas Hartig,Centre-Forward,43,-,Bohemians Praha,Gambrinus Liga,Zenit S-Pb,Premier Liga,£270Th.,https://www.transfermarkt.co.uk/fc-bohemians-prag-1905/startseite/verein/715/saison_id/2002
292,2002,Chris Killen,Centre-Forward,39,-,Man City,Premier League,Oldham Athletic,Second Division (bis 03/04),£270Th.,https://www.transfermarkt.co.uk/manchester-city/startseite/verein/281/saison_id/2002
293,2002,Éric Abidal,Left-Back,41,-,Monaco,Ligue 1,LOSC Lille,Ligue 1,£270Th.,https://www.transfermarkt.co.uk/as-monaco/startseite/verein/162/saison_id/2002
294,2002,Josko Bilic,Left-Back,46,-,FC Ashdod,Ligat ha'Al,Maccabi Netanya,Ligat ha'Al,£270Th.,https://www.transfermarkt.co.uk/maccabi-netanya/startseite/verein/5223/saison_id/2002
295,2002,Eul-yong Lee,Left Midfield,45,-,Bucheon SK,K League 1,Trabzonspor,Süper Lig,Loan fee:,https://www.transfermarkt.co.uk/mirko-dickhaut/profil/spieler/622
296,2002,Mirko Dickhaut,Defensive Midfield,49,-,VfL Bochum,Bundesliga,SW Bregenz,Bundesliga,£248Th.,https://www.transfermarkt.co.uk/stijn-haeldermans/profil/spieler/13013
297,2002,Stijn Haeldermans,Left Winger,45,-,Lommel SK,Jupiler Pro League,Lierse SK,Jupiler Pro League,£243Th.,https://www.transfermarkt.co.uk/jesus-sinisterra/profil/spieler/1670
298,2002,Patrick Pircher,Centre-Back,38,-,SW Bregenz,Bundesliga,Austria Vienna,Bundesliga,£225Th.,https://www.transfermarkt.co.uk/hamburger-sv/startseite/verein/41/saison_id/2002
299,2002,Marcel Ketelaer,Left Midfield,42,-,Hamburger SV,Bundesliga,Bor. M'gladbach,Bundesliga,Loan fee:,https://www.transfermarkt.co.uk/ujpest-fc/startseite/verein/708/saison_id/2002
300,2002,Andrzej Juskowiak,Centre-Forward,49,-,VfL Wolfsburg,Bundesliga,Energie Cottbus,Bundesliga,£225Th.,https://www.transfermarkt.co.uk/ujpest-fc/startseite/verein/708/saison_id/2002
301,2002,Erhan Albayrak,Left Midfield,43,-,Arm. Bielefeld,Bundesliga,Fenerbahce,Süper Lig,£225Th.,https://www.transfermarkt.co.uk/hertha-bsc/startseite/verein/44/saison_id/2002
302,2002,Marco Reich,Left Midfield,42,-,1. FC Köln,2. Bundesliga,Werder Bremen,Bundesliga,£225Th.,https://www.transfermarkt.co.uk/1-fc-koln/startseite/verein/3/saison_id/2002
303,2002,Vidar Riseth,Centre-Back,48,-,1860 Munich,Bundesliga,Rosenborg,Tippeligaen,£225Th.,https://www.transfermarkt.co.uk/rosenborg-trondheim/startseite/verein/195/saison_id/2002
304,2002,Frankie Hejduk,Right-Back,46,-,Bay. Leverkusen,Bundesliga,FC St. Gallen,Nationalliga A,Loan fee:,https://www.transfermarkt.co.uk/raiffeisen-super-league/transfers/wettbewerb/C1/saison_id/2002
305,2002,Xenofon Gitas,Central Midfield,41,-,PAS Giannina,A' Ethniki,Panathinaikos,A' Ethniki,£225Th.,https://www.transfermarkt.co.uk/super-league/transfers/wettbewerb/GR1/saison_id/2002
306,2002,Mohamed Sedik,Centre-Back,41,-,Kocaelispor,Süper Lig,Zamalek,Premier League,£225Th.,https://www.transfermarkt.co.uk/fc-porto/startseite/verein/720/saison_id/2002
307,2002,Tiago,Defensive Midfield,46,-,Leiria,Liga NOS,FC Porto,Liga NOS,£225Th.,https://www.transfermarkt.co.uk/west-bromwich-albion/startseite/verein/984/saison_id/2002
308,2002,Joe Murphy,Goalkeeper,39,-,Tranmere Rovers,Second Division (bis 03/04),West Brom,Premier League,£225Th.,https://www.transfermarkt.co.uk/manchester-united/startseite/verein/985/saison_id/2002
309,2002,Marco Storari,Goalkeeper,43,-,SSC Napoli,Serie B,Messina Peloro,Serie B,£225Th.,https://www.transfermarkt.co.uk/premier-liga/transfers/wettbewerb/RU1/saison_id/2002
310,2002,Baba Adamu,Centre-Forward,40,-,Loko Moscow,Premier Liga,Torpedo-ZiL,Premier Liga,£225Th.,https://www.transfermarkt.co.uk/fk-radnicki-nis/startseite/verein/7567/saison_id/2002
311,2002,Rune Berger,Centre-Forward,42,-,Tromsø IL,Tippeligaen,Aalesund,Tippeligaen,£225Th.,https://www.transfermarkt.co.uk/ligat-ha-al/transfers/wettbewerb/ISR1/saison_id/2002
312,2002,Michael Zandberg,Left Midfield,40,-,H. Petah Tikva,Ligat ha'Al,Maccabi Haifa,Ligat ha'Al,£221Th.,https://www.transfermarkt.co.uk/sheffield-wednesday/startseite/verein/1035/saison_id/2002
